filename,claimed_language,post_id,language_code,file_path,detected_language,transcription,confidence,duration,status,languages_match,transcription_length,analysis_confidence,processed_at
19587fa4-1fbf-4e4e-adbb-8bd9772aab9e_es_chunk_0.mp3,spanish,,es,audio_samples/19587fa4-1fbf-4e4e-adbb-8bd9772aab9e_es_chunk_0.mp3,en," 1. Visual description of the artwork. The artwork presents a minimalist and stylized depiction of a woman's face alongside a single red rose. The face is rendered in a high contrast, stencil-like manner against a muted brown background, emphasizing its serene and contemplative expression. The rose, situated at the bottom, adds a vibrant focal point. 2. Artistic style and techniques used. The piece utilizes a pop art style with elements of minimalism. The use of high contrast and simple color blocks is reminiscent of screen printing techniques often associated with pop art. The face's abstraction through selective detailing and omission aligns with minimalist principles. 3. Color palette and composition analysis. The color palette is limited, with dominant hues being a muted brown, stark white for the face, and a vivid red for the rose. This creates a striking contrast that draws attention to the key elements.",0,0,success,False,923,low,2025-09-08T19:53:47.743755
19587fa4-1fbf-4e4e-adbb-8bd9772aab9e_hi_full.mp3,hindi,,hi,audio_samples/19587fa4-1fbf-4e4e-adbb-8bd9772aab9e_hi_full.mp3,en," 1. Visual Description of the artwork. The artwork presents a minimalist and stylized depiction of a woman's face alongside a single red rose. The face is rendered in a high contrast stencil-like manner against a muted brown background, emphasising its serene and contemplative expression. The rose, situated at the bottom, adds a vibrant focal point. 2. Artistic style and techniques used. The piece utilises a pop art style with elements of minimalism. The use of high contrast and simple colour blocks is reminiscent of screen printing techniques often associated with pop art. The face's abstraction through selective detailing and omission aligns with minimalist principles. 3. Color palette and composition analysis. The colour palette is limited with dominantly hues being a muted brown, stark white for the face and a vivid red for the rose. This creates a striking contrast that draws attention to the key elements. The composition is balanced with the face occupying the upper and central space while the rose anchors the lower section, guiding the viewer's eye through the artwork. 4. Emotional tone and mood. The emotional tone is contemplative and introspective. The serene expression of the face suggests a quiet strength or wisdom. The rose, a symbol of beauty and passion, introduces a layer of warmth and tenderness, balancing the introspective mood. 5. Potential historical or cultural context. The artwork seems to pay homage to influential women, as suggested by the text Great Women Initiates. This might place it within a cultural or feminist context, celebrating women's contributions to society. The style and motif suggest influences from late 20th century graphic design and feminist art movements. 6. Suggested title if none exists. Contemplative rose tribute to women. 7. Key words for SEO and categorisation. Pop art. Minimalist art. Women's portrait. Contemporary art. Graphic design. Rose symbolism. Cultural tribute. Modern art. Abstract portrait. This artwork blends visual simplicity with profound thematic depth, making it a compelling piece for discussions on art and culture.",0,0,success,False,2112,low,2025-09-08T19:53:57.658625
19587fa4-1fbf-4e4e-adbb-8bd9772aab9e_en_full.mp3,english,,en,audio_samples/19587fa4-1fbf-4e4e-adbb-8bd9772aab9e_en_full.mp3,en," For one, visual description of the artwork. The artwork presents a minimalist and stylized depiction of a woman's face alongside a single red rose. The face is rendered in a high contrast, stencil-like manner against a muted brown background, emphasizing its serene and contemplative expression. The rose, situated at the bottom, adds a vibrant focal point. Two, artistic style and techniques used. The piece utilizes a pop art style with elements of minimalism. The use of high contrast and simple color blocks is reminiscent of screen printing techniques often associated with pop art. The face's abstraction through selective detailing and omission aligns with minimalist principles. Three, color palette and composition analysis. The color palette is limited, with dominant hues being a muted brown, stark white for the face, and a vivid red for the rose. This creates a striking contrast that draws attention to the key elements. The composition is balanced with the face occupying the upper and central space while the rose anchors the lower section, guiding the viewer's eye through the artwork. Four, emotional tone and mood. The emotional tone is contemplative and introspective. The serene expression of the face suggests a quiet, strength or wisdom. The rose, a symbol of beauty and passion introduces a layer of warmth and tenderness balancing the introspective mood. Five, potential historical or cultural context. The artwork seems to pay homage to influential women as suggested by the text, Great Women Initiates. This might place it within a cultural or feminist context, celebrating women's contributions to society. The style and motif suggest influences from late 20th century graphic design and feminist art movements. Six, suggested title, If None Exists, Contemplative Rose Tribute to Women. Seven, keywords for SEO and categorization. Pop art, minimalist art, feminist art, women's portrait, contemporary art, graphic design, rose symbolism, cultural tribute, modern art, abstract portrait. This artwork blends visual simplicity with profound thematic depth, making it a compelling piece for discussions on art and culture.",0,0,success,True,2148,low,2025-09-08T19:54:12.753442
78446eca-0a40-477a-bb46-6a0bcd22f54c_en_chunk_0.mp3,english,,en,audio_samples/78446eca-0a40-477a-bb46-6a0bcd22f54c_en_chunk_0.mp3,en," In the margins of the cosmos, a woman once drew circles to speak with the beyond. There are artists who paint what they see, and then there are artists who paint what they know, deeply, instinctively, across time. Hilma of Clint belonged to the latter. Long before abstraction had a name, before modernism claimed its revolution, she was receiving visions. Not metaphors, but blueprints. Color-coded messages from a spiritual plane. She accessed through trance, prayer, and an extraordinary trust in the unknown. What she left behind were not just paintings. They were portals, diagrams of the unseen. Symbols tuned to frequencies of balance, duality, birth, becoming. He used for the temple. She saw a spiral-shaped structure rising into light, where people would walk in silence, ascending through images, not to observe, but to remember. Pastel circles rotate in harmony. Pedal-like forms press together. Arx and lines intersect, whispering of magnetism, polarity, soul.",0,0,success,True,974,low,2025-09-08T19:54:20.331469
19587fa4-1fbf-4e4e-adbb-8bd9772aab9e_hi_chunk_0.mp3,hindi,,hi,audio_samples/19587fa4-1fbf-4e4e-adbb-8bd9772aab9e_hi_chunk_0.mp3,en," 1. Visual Description of the artwork. The artwork presents a minimalist and stylized depiction of a woman's face alongside a single red rose. The face is rendered in a high contrast stencil-like manner against a muted brown background, emphasising its serene and contemplative expression. The rose, situated at the bottom, adds a vibrant focal point. 2. Artistic style and techniques used. The piece utilises a pop art style with elements of minimalism. The use of high contrast and simple colour blocks is reminiscent of screen printing techniques often associated with pop art. The face's abstraction through selective detailing and omission aligns with minimalist principles. 3. Color palette and composition analysis. The colour palette is limited with dominantly hues being a muted brown, stark white for the face and a vivid red for the rose. This creates a striking contrast that draws attention to the key elements.",0,0,success,False,924,low,2025-09-08T19:54:25.128856
06b82937-a59c-4d9b-aa71-0c9d661a296f_en_chunk_0.mp3,english,,en,audio_samples/06b82937-a59c-4d9b-aa71-0c9d661a296f_en_chunk_0.mp3,en," In the hushed corridors of time where the ancient whispers of artisans still echo, there hangs a tapestry, a woven narrative that beckons the soul to wander into the realm of the mythical. This is no mere depiction of a unicorn among beasts. It is a portal, a sacred invitation to traverse the boundary between the scene and the unseen. Imagine the unicorn radiant and ethereal dipping its horn into a fountain. This is no ordinary act. It is an alchemical right. A purification of the waters that mirrors the cleansing of the spirit. Around it, a congregation of creatures, a lion, a leopard, a deer, a wolf, assemble in reverent harmony, their presence, a testament to the interconnectedness of all life in this verdant sanctuary. The tapestry, a masterpiece of medieval artistry, is an ode to the Gothic tradition, a style that dances on the edge of reality and dream.",0,0,success,True,872,low,2025-09-08T19:54:28.786422
06b82937-a59c-4d9b-aa71-0c9d661a296f_en_full.mp3,english,,en,audio_samples/06b82937-a59c-4d9b-aa71-0c9d661a296f_en_full.mp3,en," In the hushed corridors of time where the ancient whispers of artisans still echo, there hangs a tapestry, a woven narrative that beckons the soul to wander into the realm of the mythical. This is no mere depiction of a unicorn among beasts, it is a portal, a sacred invitation to traverse the boundary between the scene and the unseen. Imagine the unicorn radiant and ethereal dipping its horn into a fountain. This is no ordinary act, it is an alchemical right. A purification of the waters that mirrors the cleansing of the spirit. Around it, a congregation of creatures, a lion, a leopard, a deer, a wolf, assemble in reverent harmony, their presence, a testament to the interconnectedness of all life in this verdant sanctuary. The tapestry, a masterpiece of medieval artistry, is an ode to the Gothic tradition, a style that dances on the edge of reality and dream. Every thread tells a story, every color a note in a symphony of earth tones, punctuated by the purity of the unicorn's white and the vibrant hues of flowers that seem to pulse with life. As you gaze upon this lush tablo, do you not feel the stirrings of an ancient wonder? The art of the Middle Ages speaks to a time when the world was a tapestry itself, woven with symbols and meaning, where unicorns roamed not just in art, but in the imaginations of those who dared to believe in the purity of innocence. Pause for a moment and ask yourself, what waters within you are yet to be purified, in what ways are you called to harmonize the wild and the serene within your own life? This tapestry is more than a relic of history, it is a mirror reflecting the timeless dance of the soul, a reminder that in art, as in life, the mythical and the mundane are but two sides of the same wondrous coin.",0,0,success,True,1766,low,2025-09-08T19:54:36.899574
19587fa4-1fbf-4e4e-adbb-8bd9772aab9e_es_full.mp3,spanish,,es,audio_samples/19587fa4-1fbf-4e4e-adbb-8bd9772aab9e_es_full.mp3,en," 1. Visual description of the artwork. The artwork presents a minimalist and stylized depiction of a woman's face alongside a single red rose. The face is rendered in a high contrast, stencil-like manner against a muted brown background, emphasizing its serene and contemplative expression. The rose, situated at the bottom, adds a vibrant focal point. 2. Artistic style and techniques used. The piece utilizes a pop art style with elements of minimalism. The use of high contrast and simple color blocks is reminiscent of screen printing techniques often associated with pop art. The face's abstraction through selective detailing and omission aligns with minimalist principles. 3. Color palette and composition analysis. The color palette is limited, with dominant hues being a muted brown, stark white for the face, and a vivid red for the rose. This creates a striking contrast that draws attention to the key elements. The composition is balanced with the face occupying the upper and central space while the rose anchors the lower section, guiding the viewer's eye through the artwork. 4. Emotional tone and mood. The emotional tone is contemplative and introspective. The serene expression of the face suggests a quiet, strength or wisdom. The rose, a symbol of beauty and passion, introduces a layer of warmth and tenderness balancing the introspective mood. 5. Potential historical or cultural context. The artwork seems to pay homage to influential women, as suggested by the text Great Women Initiates. This might place it within a cultural or feminist context, celebrating women's contributions to society. The style and motif suggest influences from late 20th century graphic design and feminist art movements. And her six suggested title, if none exists, Contemplative Rose, Tribute to Women. 7. Keywords for SEO and categorization. Pop art, minimalist art, feminist art, women's portrait, contemporary art, graphic design, rose symbolism, cultural tribute, modern art, abstract portrait. This artwork blends visual simplicity with profound thematic depth, making it a compelling piece for discussions on art and culture.",0,0,success,False,2135,low,2025-09-08T19:54:47.612267
19587fa4-1fbf-4e4e-adbb-8bd9772aab9e_en_chunk_0.mp3,english,,en,audio_samples/19587fa4-1fbf-4e4e-adbb-8bd9772aab9e_en_chunk_0.mp3,en," For one, visual description of the artwork. The artwork presents a minimalist and stylized depiction of a woman's face alongside a single red rose. The face is rendered in a high contrast, stencil-like manner against a muted brown background, emphasizing its serene and contemplative expression. The rose, situated at the bottom, adds a vibrant focal point. Two, artistic style and techniques used. The piece utilizes a pop art style with elements of minimalism. The use of high contrast and simple color blocks is reminiscent of screen printing techniques often associated with pop art. The face's abstraction through selective detailing and omission aligns with minimalist principles. Three, color palette and composition analysis. The color palette is limited, with dominant hues being a muted brown, stark white for the face, and a vivid red for the rose. This creates a striking contrast that draws attention to the key elements.",0,0,success,True,935,low,2025-09-08T19:54:51.249385
78446eca-0a40-477a-bb46-6a0bcd22f54c_en_full.mp3,english,,en,audio_samples/78446eca-0a40-477a-bb46-6a0bcd22f54c_en_full.mp3,en," In the margins of the cosmos, a woman once drew circles to speak with the beyond. There are artists who paint what they see, and then there are artists who paint what they know, deeply, instinctively, across time. Hilma of Clint belonged to the latter. Long before abstraction had a name, before modernism claimed its revolution, she was receiving visions. Not metaphors, but blueprints. Color-coded messages from a spiritual plane. She accessed through trance, prayer, and an extraordinary trust in the unknown. What she left behind were not just paintings. They were portals, diagrams of the unseen. Symbols tuned to frequencies of balance, duality, birth, becoming. He used for the temple. She saw a spiral-shaped structure rising into light, where people would walk in silence, ascending through images, not to observe, but to remember. Pastel circles rotate in harmony. Petal-like forms press together. Arcs and lines intersect. Whispering of magnetism, polarity, soul. These are not compositions, they're cosmic grammars. Love letters to evolution. Drafts of the invisible order. In the margins of our own lives, how often do we make space for the unseen? For intuition? For the sacred symmetry of not knowing. Hilma invites us not to look, but to open. To soften our sense of the material world. To notice the sacred diagrams beneath our every day. Inspired prompts for the inward bound traveler. Draw a symbol for something your rational mind can't explain. Imagine a temple built just for your inner growth. What images live on its walls? Parachhape with a feeling. A color with a memory. Let the combinations speak. Sit in stillness and ask, what wants to come through me?",0,0,success,True,1683,low,2025-09-08T19:55:00.131493
